Station Name,Station Code (USGS),Latitude,Longitude,Timestamp (local),Gage Height (ft)
"Canadian Rv nr Amarillo, TX",07227500,35.4703261,-101.879628,2025-07-03T20:00:00.000-05:00,1.67
"Canadian Rv nr Amarillo, TX",07227500,35.4703261,-101.879628,2025-07-03T20:15:00.000-05:00,1.68
"Canadian Rv nr Amarillo, TX",07227500,35.4703261,-101.879628,2025-07-03T20:30:00.000-05:00,1.68
"Canadian Rv nr Amarillo, TX",07227500,35.4703261,-101.879628,2025-07-03T20:45:00.000-05:00,1.68
"Canadian Rv nr Amarillo, TX",07227500,35.4703261,-101.879628,2025-07-03T21:00:00.000-05:00,1.69
"Canadian Rv nr Amarillo, TX",07227500,35.4703261,-101.879628,2025-07-03T21:15:00.000-05:00,1.7
"Canadian Rv nr Amarillo, TX",07227500,35.4703261,-101.879628,2025-07-03T21:30:00.000-05:00,1.69
"Canadian Rv nr Amarillo, TX",07227500,35.4703261,-101.879628,2025-07-03T21:45:00.000-05:00,1.68
"Canadian Rv nr Amarillo, TX",07227500,35.4703261,-101.879628,2025-07-03T22:00:00.000-05:00,1.68
"Canadian Rv nr Amarillo, TX",07227500,35.4703261,-101.879628,2025-07-03T22:15:00.000-05:00,1.69
"Canadian Rv nr Amarillo, TX",07227500,35.4703261,-101.879628,2025-07-03T22:30:00.000-05:00,1.69
"Canadian Rv nr Amarillo, TX",07227500,35.4703261,-101.879628,2025-07-03T22:45:00.000-05:00,1.69
"Canadian Rv nr Amarillo, TX",07227500,35.4703261,-101.879628,2025-07-03T23:00:00.000-05:00,1.67
"Canadian Rv nr Amarillo, TX",07227500,35.4703261,-101.879628,2025-07-03T23:15:00.000-05:00,1.67
"Canadian Rv nr Amarillo, TX",07227500,35.4703261,-101.879628,2025-07-03T23:30:00.000-05:00,1.67
"Canadian Rv nr Amarillo, TX",07227500,35.4703261,-101.879628,2025-07-03T23:45:00.000-05:00,1.66
"Canadian Rv nr Amarillo, TX",07227500,35.4703261,-101.879628,2025-07-04T00:00:00.000-05:00,1.66
"Canadian Rv nr Amarillo, TX",07227500,35.4703261,-101.879628,2025-07-04T00:15:00.000-05:00,1.66
"Canadian Rv nr Amarillo, TX",07227500,35.4703261,-101.879628,2025-07-04T00:30:00.000-05:00,1.65
"Canadian Rv nr Amarillo, TX",07227500,35.4703261,-101.879628,2025-07-04T00:45:00.000-05:00,1.67
"Canadian Rv nr Amarillo, TX",07227500,35.4703261,-101.879628,2025-07-04T01:00:00.000-05:00,1.67
"Canadian Rv nr Amarillo, TX",07227500,35.4703261,-101.879628,2025-07-04T01:15:00.000-05:00,1.67
"Canadian Rv nr Amarillo, TX",07227500,35.4703261,-101.879628,2025-07-04T01:30:00.000-05:00,1.66
"Canadian Rv nr Amarillo, TX",07227500,35.4703261,-101.879628,2025-07-04T01:45:00.000-05:00,1.66
"Canadian Rv nr Amarillo, TX",07227500,35.4703261,-101.879628,2025-07-04T02:00:00.000-05:00,1.67
"Canadian Rv nr Fritch, TX",07227700,35.586889,-101.710147,2025-07-03T20:00:00.000-05:00,6.81
"Canadian Rv nr Fritch, TX",07227700,35.586889,-101.710147,2025-07-03T20:15:00.000-05:00,6.8
"Canadian Rv nr Fritch, TX",07227700,35.586889,-101.710147,2025-07-03T20:30:00.000-05:00,6.8
"Canadian Rv nr Fritch, TX",07227700,35.586889,-101.710147,2025-07-03T20:45:00.000-05:00,6.8
"Canadian Rv nr Fritch, TX",07227700,35.586889,-101.710147,2025-07-03T21:00:00.000-05:00,6.8
"Canadian Rv nr Fritch, TX",07227700,35.586889,-101.710147,2025-07-03T21:15:00.000-05:00,6.8
"Canadian Rv nr Fritch, TX",07227700,35.586889,-101.710147,2025-07-03T21:30:00.000-05:00,6.8
"Canadian Rv nr Fritch, TX",07227700,35.586889,-101.710147,2025-07-03T21:45:00.000-05:00,6.8
"Canadian Rv nr Fritch, TX",07227700,35.586889,-101.710147,2025-07-03T22:00:00.000-05:00,6.8
"Canadian Rv nr Fritch, TX",07227700,35.586889,-101.710147,2025-07-03T22:15:00.000-05:00,6.79
"Canadian Rv nr Fritch, TX",07227700,35.586889,-101.710147,2025-07-03T22:30:00.000-05:00,6.79
"Canadian Rv nr Fritch, TX",07227700,35.586889,-101.710147,2025-07-03T22:45:00.000-05:00,6.79
"Canadian Rv nr Fritch, TX",07227700,35.586889,-101.710147,2025-07-03T23:00:00.000-05:00,6.79
"Canadian Rv nr Fritch, TX",07227700,35.586889,-101.710147,2025-07-03T23:15:00.000-05:00,6.79
"Canadian Rv nr Fritch, TX",07227700,35.586889,-101.710147,2025-07-03T23:30:00.000-05:00,6.79
"Canadian Rv nr Fritch, TX",07227700,35.586889,-101.710147,2025-07-03T23:45:00.000-05:00,6.79
"Canadian Rv nr Fritch, TX",07227700,35.586889,-101.710147,2025-07-04T00:00:00.000-05:00,6.78
"Canadian Rv nr Fritch, TX",07227700,35.586889,-101.710147,2025-07-04T00:15:00.000-05:00,6.79
"Canadian Rv nr Fritch, TX",07227700,35.586889,-101.710147,2025-07-04T00:30:00.000-05:00,6.78
"Canadian Rv nr Fritch, TX",07227700,35.586889,-101.710147,2025-07-04T00:45:00.000-05:00,6.78
"Canadian Rv nr Fritch, TX",07227700,35.586889,-101.710147,2025-07-04T01:00:00.000-05:00,6.78
"Canadian Rv nr Fritch, TX",07227700,35.586889,-101.710147,2025-07-04T01:15:00.000-05:00,6.78
"Canadian Rv nr Fritch, TX",07227700,35.586889,-101.710147,2025-07-04T01:30:00.000-05:00,6.78
"Canadian Rv nr Fritch, TX",07227700,35.586889,-101.710147,2025-07-04T01:45:00.000-05:00,6.78
"Canadian Rv nr Fritch, TX",07227700,35.586889,-101.710147,2025-07-04T02:00:00.000-05:00,6.77
"Big Blue Ck nr Fritch, TX",07227890,35.72077778,-101.6625278,2025-07-03T20:15:00.000-05:00,5.75
"Big Blue Ck nr Fritch, TX",07227890,35.72077778,-101.6625278,2025-07-03T20:30:00.000-05:00,5.76
"Big Blue Ck nr Fritch, TX",07227890,35.72077778,-101.6625278,2025-07-03T20:45:00.000-05:00,5.76
"Big Blue Ck nr Fritch, TX",07227890,35.72077778,-101.6625278,2025-07-03T21:00:00.000-05:00,5.76
"Big Blue Ck nr Fritch, TX",07227890,35.72077778,-101.6625278,2025-07-03T21:15:00.000-05:00,5.76
"Big Blue Ck nr Fritch, TX",07227890,35.72077778,-101.6625278,2025-07-03T21:30:00.000-05:00,5.76
"Big Blue Ck nr Fritch, TX",07227890,35.72077778,-101.6625278,2025-07-03T21:45:00.000-05:00,5.76
"Big Blue Ck nr Fritch, TX",07227890,35.72077778,-101.6625278,2025-07-03T22:00:00.000-05:00,5.76
"Big Blue Ck nr Fritch, TX",07227890,35.72077778,-101.6625278,2025-07-03T22:15:00.000-05:00,5.76
"Big Blue Ck nr Fritch, TX",07227890,35.72077778,-101.6625278,2025-07-03T22:30:00.000-05:00,5.77
"Big Blue Ck nr Fritch, TX",07227890,35.72077778,-101.6625278,2025-07-03T22:45:00.000-05:00,5.77
"Big Blue Ck nr Fritch, TX",07227890,35.72077778,-101.6625278,2025-07-03T23:00:00.000-05:00,5.77
"Big Blue Ck nr Fritch, TX",07227890,35.72077778,-101.6625278,2025-07-03T23:15:00.000-05:00,5.77
"Big Blue Ck nr Fritch, TX",07227890,35.72077778,-101.6625278,2025-07-03T23:30:00.000-05:00,5.77
"Big Blue Ck nr Fritch, TX",07227890,35.72077778,-101.6625278,2025-07-03T23:45:00.000-05:00,5.77
"Big Blue Ck nr Fritch, TX",07227890,35.72077778,-101.6625278,2025-07-04T00:00:00.000-05:00,5.77
"Big Blue Ck nr Fritch, TX",07227890,35.72077778,-101.6625278,2025-07-04T00:15:00.000-05:00,5.77
"Big Blue Ck nr Fritch, TX",07227890,35.72077778,-101.6625278,2025-07-04T00:30:00.000-05:00,5.77
"Big Blue Ck nr Fritch, TX",07227890,35.72077778,-101.6625278,2025-07-04T00:45:00.000-05:00,5.77
"Big Blue Ck nr Fritch, TX",07227890,35.72077778,-101.6625278,2025-07-04T01:00:00.000-05:00,5.78
"Big Blue Ck nr Fritch, TX",07227890,35.72077778,-101.6625278,2025-07-04T01:15:00.000-05:00,5.77
"Big Blue Ck nr Fritch, TX",07227890,35.72077778,-101.6625278,2025-07-04T01:30:00.000-05:00,5.78
"Big Blue Ck nr Fritch, TX",07227890,35.72077778,-101.6625278,2025-07-04T01:45:00.000-05:00,5.78
"Big Blue Ck nr Fritch, TX",07227890,35.72077778,-101.6625278,2025-07-04T02:00:00.000-05:00,5.77
"Canadian Rv nr Canadian, TX",07228000,35.935042,-100.3706884,2025-07-03T20:00:00.000-05:00,1.27
"Canadian Rv nr Canadian, TX",07228000,35.935042,-100.3706884,2025-07-03T20:15:00.000-05:00,1.26
"Canadian Rv nr Canadian, TX",07228000,35.935042,-100.3706884,2025-07-03T20:30:00.000-05:00,1.28
"Canadian Rv nr Canadian, TX",07228000,35.935042,-100.3706884,2025-07-03T20:45:00.000-05:00,1.27
"Canadian Rv nr Canadian, TX",07228000,35.935042,-100.3706884,2025-07-03T21:00:00.000-05:00,1.26
"Canadian Rv nr Canadian, TX",07228000,35.935042,-100.3706884,2025-07-03T21:15:00.000-05:00,1.27
"Canadian Rv nr Canadian, TX",07228000,35.935042,-100.3706884,2025-07-03T21:30:00.000-05:00,1.27
"Canadian Rv nr Canadian, TX",07228000,35.935042,-100.3706884,2025-07-03T21:45:00.000-05:00,1.27
"Canadian Rv nr Canadian, TX",07228000,35.935042,-100.3706884,2025-07-03T22:00:00.000-05:00,1.27
"Canadian Rv nr Canadian, TX",07228000,35.935042,-100.3706884,2025-07-03T22:15:00.000-05:00,1.26
"Canadian Rv nr Canadian, TX",07228000,35.935042,-100.3706884,2025-07-03T22:30:00.000-05:00,1.26
"Canadian Rv nr Canadian, TX",07228000,35.935042,-100.3706884,2025-07-03T22:45:00.000-05:00,1.27
"Canadian Rv nr Canadian, TX",07228000,35.935042,-100.3706884,2025-07-03T23:00:00.000-05:00,1.27
"Canadian Rv nr Canadian, TX",07228000,35.935042,-100.3706884,2025-07-03T23:15:00.000-05:00,1.27
"Canadian Rv nr Canadian, TX",07228000,35.935042,-100.3706884,2025-07-03T23:30:00.000-05:00,1.27
"Canadian Rv nr Canadian, TX",07228000,35.935042,-100.3706884,2025-07-03T23:45:00.000-05:00,1.26
"Canadian Rv nr Canadian, TX",07228000,35.935042,-100.3706884,2025-07-04T00:00:00.000-05:00,1.26
"Canadian Rv nr Canadian, TX",07228000,35.935042,-100.3706884,2025-07-04T00:15:00.000-05:00,1.26
"Canadian Rv nr Canadian, TX",07228000,35.935042,-100.3706884,2025-07-04T00:30:00.000-05:00,1.27
"Canadian Rv nr Canadian, TX",07228000,35.935042,-100.3706884,2025-07-04T00:45:00.000-05:00,1.27
"Canadian Rv nr Canadian, TX",07228000,35.935042,-100.3706884,2025-07-04T01:00:00.000-05:00,1.28
"Canadian Rv nr Canadian, TX",07228000,35.935042,-100.3706884,2025-07-04T01:15:00.000-05:00,1.27
"Canadian Rv nr Canadian, TX",07228000,35.935042,-100.3706884,2025-07-04T01:30:00.000-05:00,1.26
"Canadian Rv nr Canadian, TX",07228000,35.935042,-100.3706884,2025-07-04T01:45:00.000-05:00,1.26
"Canadian Rv nr Canadian, TX",07228000,35.935042,-100.3706884,2025-07-04T02:00:00.000-05:00,1.27
"Palo Duro Ck nr Spearman, TX",07233500,36.20225497,-101.305993,2025-07-03T20:00:00.000-05:00,4.02
"Palo Duro Ck nr Spearman, TX",07233500,36.20225497,-101.305993,2025-07-03T20:15:00.000-05:00,4.02
"Palo Duro Ck nr Spearman, TX",07233500,36.20225497,-101.305993,2025-07-03T20:30:00.000-05:00,4.02
"Palo Duro Ck nr Spearman, TX",07233500,36.20225497,-101.305993,2025-07-03T20:45:00.000-05:00,4.02
"Palo Duro Ck nr Spearman, TX",07233500,36.20225497,-101.305993,2025-07-03T21:00:00.000-05:00,4.02
"Palo Duro Ck nr Spearman, TX",07233500,36.20225497,-101.305993,2025-07-03T21:15:00.000-05:00,4.02
"Palo Duro Ck nr Spearman, TX",07233500,36.20225497,-101.305993,2025-07-03T21:30:00.000-05:00,4.02
"Palo Duro Ck nr Spearman, TX",07233500,36.20225497,-101.305993,2025-07-03T21:45:00.000-05:00,4.02
"Palo Duro Ck nr Spearman, TX",07233500,36.20225497,-101.305993,2025-07-03T22:00:00.000-05:00,4.02
"Palo Duro Ck nr Spearman, TX",07233500,36.20225497,-101.305993,2025-07-03T22:15:00.000-05:00,4.02
"Palo Duro Ck nr Spearman, TX",07233500,36.20225497,-101.305993,2025-07-03T22:30:00.000-05:00,4.02
"Palo Duro Ck nr Spearman, TX",07233500,36.20225497,-101.305993,2025-07-03T22:45:00.000-05:00,4.02
"Palo Duro Ck nr Spearman, TX",07233500,36.20225497,-101.305993,2025-07-03T23:00:00.000-05:00,4.02
"Palo Duro Ck nr Spearman, TX",07233500,36.20225497,-101.305993,2025-07-03T23:15:00.000-05:00,4.02
"Palo Duro Ck nr Spearman, TX",07233500,36.20225497,-101.305993,2025-07-03T23:30:00.000-05:00,4.02
"Palo Duro Ck nr Spearman, TX",07233500,36.20225497,-101.305993,2025-07-03T23:45:00.000-05:00,4.02
"Palo Duro Ck nr Spearman, TX",07233500,36.20225497,-101.305993,2025-07-04T00:00:00.000-05:00,4.02
"Palo Duro Ck nr Spearman, TX",07233500,36.20225497,-101.305993,2025-07-04T00:15:00.000-05:00,4.02
"Palo Duro Ck nr Spearman, TX",07233500,36.20225497,-101.305993,2025-07-04T00:30:00.000-05:00,4.02
"Palo Duro Ck nr Spearman, TX",07233500,36.20225497,-101.305993,2025-07-04T00:45:00.000-05:00,4.02
"Palo Duro Ck nr Spearman, TX",07233500,36.20225497,-101.305993,2025-07-04T01:00:00.000-05:00,4.02
"Palo Duro Ck nr Spearman, TX",07233500,36.20225497,-101.305993,2025-07-04T01:15:00.000-05:00,4.02
"Palo Duro Ck nr Spearman, TX",07233500,36.20225497,-101.305993,2025-07-04T01:30:00.000-05:00,4.02
"Palo Duro Ck nr Spearman, TX",07233500,36.20225497,-101.305993,2025-07-04T01:45:00.000-05:00,4.02
"Palo Duro Ck nr Spearman, TX",07233500,36.20225497,-101.305993,2025-07-04T02:00:00.000-05:00,4.02
"Wolf Ck at Lipscomb, TX",07235000,36.23864885,-100.2756889,2025-07-03T20:00:00.000-05:00,5.31
"Wolf Ck at Lipscomb, TX",07235000,36.23864885,-100.2756889,2025-07-03T20:15:00.000-05:00,5.31
"Wolf Ck at Lipscomb, TX",07235000,36.23864885,-100.2756889,2025-07-03T20:30:00.000-05:00,5.31
"Wolf Ck at Lipscomb, TX",07235000,36.23864885,-100.2756889,2025-07-03T20:45:00.000-05:00,5.31
"Wolf Ck at Lipscomb, TX",07235000,36.23864885,-100.2756889,2025-07-03T21:00:00.000-05:00,5.31
"Wolf Ck at Lipscomb, TX",07235000,36.23864885,-100.2756889,2025-07-03T21:15:00.000-05:00,5.31
"Wolf Ck at Lipscomb, TX",07235000,36.23864885,-100.2756889,2025-07-03T21:30:00.000-05:00,5.31
"Wolf Ck at Lipscomb, TX",07235000,36.23864885,-100.2756889,2025-07-03T21:45:00.000-05:00,5.31
"Wolf Ck at Lipscomb, TX",07235000,36.23864885,-100.2756889,2025-07-03T22:00:00.000-05:00,5.32
"Wolf Ck at Lipscomb, TX",07235000,36.23864885,-100.2756889,2025-07-03T22:15:00.000-05:00,5.31
"Wolf Ck at Lipscomb, TX",07235000,36.23864885,-100.2756889,2025-07-03T22:30:00.000-05:00,5.31
"Wolf Ck at Lipscomb, TX",07235000,36.23864885,-100.2756889,2025-07-03T22:45:00.000-05:00,5.32
"Wolf Ck at Lipscomb, TX",07235000,36.23864885,-100.2756889,2025-07-03T23:00:00.000-05:00,5.31
"Wolf Ck at Lipscomb, TX",07235000,36.23864885,-100.2756889,2025-07-03T23:15:00.000-05:00,5.32
"Wolf Ck at Lipscomb, TX",07235000,36.23864885,-100.2756889,2025-07-03T23:30:00.000-05:00,5.32
"Wolf Ck at Lipscomb, TX",07235000,36.23864885,-100.2756889,2025-07-03T23:45:00.000-05:00,5.32
"Wolf Ck at Lipscomb, TX",07235000,36.23864885,-100.2756889,2025-07-04T00:00:00.000-05:00,5.32
"Wolf Ck at Lipscomb, TX",07235000,36.23864885,-100.2756889,2025-07-04T00:15:00.000-05:00,5.32
"Wolf Ck at Lipscomb, TX",07235000,36.23864885,-100.2756889,2025-07-04T00:30:00.000-05:00,5.31
"Wolf Ck at Lipscomb, TX",07235000,36.23864885,-100.2756889,2025-07-04T00:45:00.000-05:00,5.32
"Wolf Ck at Lipscomb, TX",07235000,36.23864885,-100.2756889,2025-07-04T01:00:00.000-05:00,5.32
"Wolf Ck at Lipscomb, TX",07235000,36.23864885,-100.2756889,2025-07-04T01:15:00.000-05:00,5.32
"Wolf Ck at Lipscomb, TX",07235000,36.23864885,-100.2756889,2025-07-04T01:30:00.000-05:00,5.32
"Wolf Ck at Lipscomb, TX",07235000,36.23864885,-100.2756889,2025-07-04T01:45:00.000-05:00,5.32
"Wolf Ck at Lipscomb, TX",07235000,36.23864885,-100.2756889,2025-07-04T02:00:00.000-05:00,5.32
"Palo Duro Ck at Westline Rd nr Umbarger, TX",07295400,35.03550556,-102.1506,2025-07-03T20:00:00.000-05:00,2.36
"Palo Duro Ck at Westline Rd nr Umbarger, TX",07295400,35.03550556,-102.1506,2025-07-03T20:15:00.000-05:00,2.36
"Palo Duro Ck at Westline Rd nr Umbarger, TX",07295400,35.03550556,-102.1506,2025-07-03T20:30:00.000-05:00,2.36
"Palo Duro Ck at Westline Rd nr Umbarger, TX",07295400,35.03550556,-102.1506,2025-07-03T20:45:00.000-05:00,2.36
"Palo Duro Ck at Westline Rd nr Umbarger, TX",07295400,35.03550556,-102.1506,2025-07-03T21:00:00.000-05:00,2.36
"Palo Duro Ck at Westline Rd nr Umbarger, TX",07295400,35.03550556,-102.1506,2025-07-03T21:15:00.000-05:00,2.36
"Palo Duro Ck at Westline Rd nr Umbarger, TX",07295400,35.03550556,-102.1506,2025-07-03T21:30:00.000-05:00,2.36
"Palo Duro Ck at Westline Rd nr Umbarger, TX",07295400,35.03550556,-102.1506,2025-07-03T21:45:00.000-05:00,2.36
"Palo Duro Ck at Westline Rd nr Umbarger, TX",07295400,35.03550556,-102.1506,2025-07-03T22:00:00.000-05:00,2.36
"Palo Duro Ck at Westline Rd nr Umbarger, TX",07295400,35.03550556,-102.1506,2025-07-03T22:15:00.000-05:00,2.36
"Palo Duro Ck at Westline Rd nr Umbarger, TX",07295400,35.03550556,-102.1506,2025-07-03T22:30:00.000-05:00,2.36
"Palo Duro Ck at Westline Rd nr Umbarger, TX",07295400,35.03550556,-102.1506,2025-07-03T22:45:00.000-05:00,2.36
"Palo Duro Ck at Westline Rd nr Umbarger, TX",07295400,35.03550556,-102.1506,2025-07-03T23:00:00.000-05:00,2.36
"Palo Duro Ck at Westline Rd nr Umbarger, TX",07295400,35.03550556,-102.1506,2025-07-03T23:15:00.000-05:00,2.36
"Palo Duro Ck at Westline Rd nr Umbarger, TX",07295400,35.03550556,-102.1506,2025-07-03T23:30:00.000-05:00,2.36
"Palo Duro Ck at Westline Rd nr Umbarger, TX",07295400,35.03550556,-102.1506,2025-07-03T23:45:00.000-05:00,2.36
"Palo Duro Ck at Westline Rd nr Umbarger, TX",07295400,35.03550556,-102.1506,2025-07-04T00:00:00.000-05:00,2.36
"Palo Duro Ck at Westline Rd nr Umbarger, TX",07295400,35.03550556,-102.1506,2025-07-04T00:15:00.000-05:00,2.36
"Palo Duro Ck at Westline Rd nr Umbarger, TX",07295400,35.03550556,-102.1506,2025-07-04T00:30:00.000-05:00,2.36
"Palo Duro Ck at Westline Rd nr Umbarger, TX",07295400,35.03550556,-102.1506,2025-07-04T00:45:00.000-05:00,2.36
"Palo Duro Ck at Westline Rd nr Umbarger, TX",07295400,35.03550556,-102.1506,2025-07-04T01:00:00.000-05:00,2.36
"Palo Duro Ck at Westline Rd nr Umbarger, TX",07295400,35.03550556,-102.1506,2025-07-04T01:15:00.000-05:00,2.36
"Palo Duro Ck at Westline Rd nr Umbarger, TX",07295400,35.03550556,-102.1506,2025-07-04T01:30:00.000-05:00,2.36
"Palo Duro Ck at Westline Rd nr Umbarger, TX",07295400,35.03550556,-102.1506,2025-07-04T01:45:00.000-05:00,2.36
"Palo Duro Ck at Westline Rd nr Umbarger, TX",07295400,35.03550556,-102.1506,2025-07-04T02:00:00.000-05:00,2.36
"Tierra Blanca Ck nr FM 1259 at Hereford, TX",07295450,34.81293611,-102.3898972,2025-07-03T20:00:00.000-05:00,7.37
"Tierra Blanca Ck nr FM 1259 at Hereford, TX",07295450,34.81293611,-102.3898972,2025-07-03T20:10:00.000-05:00,7.37
"Tierra Blanca Ck nr FM 1259 at Hereford, TX",07295450,34.81293611,-102.3898972,2025-07-03T20:20:00.000-05:00,7.37
"Tierra Blanca Ck nr FM 1259 at Hereford, TX",07295450,34.81293611,-102.3898972,2025-07-03T20:30:00.000-05:00,7.37
"Tierra Blanca Ck nr FM 1259 at Hereford, TX",07295450,34.81293611,-102.3898972,2025-07-03T21:00:00.000-05:00,7.37
"Tierra Blanca Ck nr FM 1259 at Hereford, TX",07295450,34.81293611,-102.3898972,2025-07-03T21:16:00.000-05:00,7.37
"Tierra Blanca Ck nr FM 1259 at Hereford, TX",07295450,34.81293611,-102.3898972,2025-07-03T23:42:00.000-05:00,7.38
"Tierra Blanca Ck nr FM 1259 at Hereford, TX",07295450,34.81293611,-102.3898972,2025-07-03T23:58:00.000-05:00,7.38
"Tierra Blanca Ck nr FM 1259 at Hereford, TX",07295450,34.81293611,-102.3898972,2025-07-04T00:00:00.000-05:00,7.37
"Tierra Blanca Ck nr FM 1259 at Hereford, TX",07295450,34.81293611,-102.3898972,2025-07-04T00:12:00.000-05:00,7.38
"Tierra Blanca Ck nr FM 1259 at Hereford, TX",07295450,34.81293611,-102.3898972,2025-07-04T01:54:00.000-05:00,7.4
"Tierra Blanca Ck nr FM 1259 at Hereford, TX",07295450,34.81293611,-102.3898972,2025-07-04T02:00:00.000-05:00,7.37
"Tierra Blanca Ck abv Buffalo Lk nr Umbarger, TX",07295500,34.84867146,-102.1760295,2025-07-03T20:00:00.000-05:00,0.45
"Tierra Blanca Ck abv Buffalo Lk nr Umbarger, TX",07295500,34.84867146,-102.1760295,2025-07-03T20:15:00.000-05:00,0.45
"Tierra Blanca Ck abv Buffalo Lk nr Umbarger, TX",07295500,34.84867146,-102.1760295,2025-07-03T20:30:00.000-05:00,0.45
"Tierra Blanca Ck abv Buffalo Lk nr Umbarger, TX",07295500,34.84867146,-102.1760295,2025-07-03T20:45:00.000-05:00,0.45
"Tierra Blanca Ck abv Buffalo Lk nr Umbarger, TX",07295500,34.84867146,-102.1760295,2025-07-03T21:00:00.000-05:00,0.45
"Tierra Blanca Ck abv Buffalo Lk nr Umbarger, TX",07295500,34.84867146,-102.1760295,2025-07-03T21:15:00.000-05:00,0.45
"Tierra Blanca Ck abv Buffalo Lk nr Umbarger, TX",07295500,34.84867146,-102.1760295,2025-07-03T21:30:00.000-05:00,0.45
"Tierra Blanca Ck abv Buffalo Lk nr Umbarger, TX",07295500,34.84867146,-102.1760295,2025-07-03T21:45:00.000-05:00,0.45
"Tierra Blanca Ck abv Buffalo Lk nr Umbarger, TX",07295500,34.84867146,-102.1760295,2025-07-03T22:00:00.000-05:00,0.45
"Tierra Blanca Ck abv Buffalo Lk nr Umbarger, TX",07295500,34.84867146,-102.1760295,2025-07-03T22:15:00.000-05:00,0.45
"Tierra Blanca Ck abv Buffalo Lk nr Umbarger, TX",07295500,34.84867146,-102.1760295,2025-07-03T22:30:00.000-05:00,0.45
"Tierra Blanca Ck abv Buffalo Lk nr Umbarger, TX",07295500,34.84867146,-102.1760295,2025-07-03T22:45:00.000-05:00,0.45
"Tierra Blanca Ck abv Buffalo Lk nr Umbarger, TX",07295500,34.84867146,-102.1760295,2025-07-03T23:00:00.000-05:00,0.45
"Tierra Blanca Ck abv Buffalo Lk nr Umbarger, TX",07295500,34.84867146,-102.1760295,2025-07-03T23:15:00.000-05:00,0.45
"Tierra Blanca Ck abv Buffalo Lk nr Umbarger, TX",07295500,34.84867146,-102.1760295,2025-07-03T23:30:00.000-05:00,0.45
"Tierra Blanca Ck abv Buffalo Lk nr Umbarger, TX",07295500,34.84867146,-102.1760295,2025-07-03T23:45:00.000-05:00,0.45
"Tierra Blanca Ck abv Buffalo Lk nr Umbarger, TX",07295500,34.84867146,-102.1760295,2025-07-04T00:00:00.000-05:00,0.45
"Tierra Blanca Ck abv Buffalo Lk nr Umbarger, TX",07295500,34.84867146,-102.1760295,2025-07-04T00:15:00.000-05:00,0.45
"Tierra Blanca Ck abv Buffalo Lk nr Umbarger, TX",07295500,34.84867146,-102.1760295,2025-07-04T00:30:00.000-05:00,0.45
"Tierra Blanca Ck abv Buffalo Lk nr Umbarger, TX",07295500,34.84867146,-102.1760295,2025-07-04T00:45:00.000-05:00,0.45
"Tierra Blanca Ck abv Buffalo Lk nr Umbarger, TX",07295500,34.84867146,-102.1760295,2025-07-04T01:00:00.000-05:00,0.45
"Tierra Blanca Ck abv Buffalo Lk nr Umbarger, TX",07295500,34.84867146,-102.1760295,2025-07-04T01:15:00.000-05:00,0.45
"Tierra Blanca Ck abv Buffalo Lk nr Umbarger, TX",07295500,34.84867146,-102.1760295,2025-07-04T01:30:00.000-05:00,0.45
"Tierra Blanca Ck abv Buffalo Lk nr Umbarger, TX",07295500,34.84867146,-102.1760295,2025-07-04T01:45:00.000-05:00,0.45
"Tierra Blanca Ck abv Buffalo Lk nr Umbarger, TX",07295500,34.84867146,-102.1760295,2025-07-04T02:00:00.000-05:00,0.45
"Pr Dog Twn Fk Red Rv nr Wayside, TX",07297910,34.83755505,-101.4140578,2025-07-03T20:00:00.000-05:00,5.74
"Pr Dog Twn Fk Red Rv nr Wayside, TX",07297910,34.83755505,-101.4140578,2025-07-03T20:15:00.000-05:00,5.74
"Pr Dog Twn Fk Red Rv nr Wayside, TX",07297910,34.83755505,-101.4140578,2025-07-03T20:30:00.000-05:00,5.76
"Pr Dog Twn Fk Red Rv nr Wayside, TX",07297910,34.83755505,-101.4140578,2025-07-03T20:45:00.000-05:00,5.74
"Pr Dog Twn Fk Red Rv nr Wayside, TX",07297910,34.83755505,-101.4140578,2025-07-03T21:00:00.000-05:00,5.77
"Pr Dog Twn Fk Red Rv nr Wayside, TX",07297910,34.83755505,-101.4140578,2025-07-03T21:15:00.000-05:00,5.76
"Pr Dog Twn Fk Red Rv nr Wayside, TX",07297910,34.83755505,-101.4140578,2025-07-03T21:30:00.000-05:00,5.76
"Pr Dog Twn Fk Red Rv nr Wayside, TX",07297910,34.83755505,-101.4140578,2025-07-03T22:15:00.000-05:00,5.74
"Pr Dog Twn Fk Red Rv nr Wayside, TX",07297910,34.83755505,-101.4140578,2025-07-03T22:30:00.000-05:00,5.74
"Pr Dog Twn Fk Red Rv nr Wayside, TX",07297910,34.83755505,-101.4140578,2025-07-03T22:45:00.000-05:00,5.74
"Pr Dog Twn Fk Red Rv nr Wayside, TX",07297910,34.83755505,-101.4140578,2025-07-03T23:00:00.000-05:00,5.76
"Pr Dog Twn Fk Red Rv nr Wayside, TX",07297910,34.83755505,-101.4140578,2025-07-03T23:30:00.000-05:00,5.76
"Pr Dog Twn Fk Red Rv nr Wayside, TX",07297910,34.83755505,-101.4140578,2025-07-03T23:45:00.000-05:00,5.75
"Pr Dog Twn Fk Red Rv nr Wayside, TX",07297910,34.83755505,-101.4140578,2025-07-04T00:15:00.000-05:00,5.76
"Pr Dog Twn Fk Red Rv nr Wayside, TX",07297910,34.83755505,-101.4140578,2025-07-04T00:30:00.000-05:00,5.76
"Pr Dog Twn Fk Red Rv nr Wayside, TX",07297910,34.83755505,-101.4140578,2025-07-04T00:45:00.000-05:00,5.74
"Pr Dog Twn Fk Red Rv nr Wayside, TX",07297910,34.83755505,-101.4140578,2025-07-04T01:00:00.000-05:00,5.76
"Pr Dog Twn Fk Red Rv nr Wayside, TX",07297910,34.83755505,-101.4140578,2025-07-04T01:15:00.000-05:00,5.75
"Pr Dog Twn Fk Red Rv nr Wayside, TX",07297910,34.83755505,-101.4140578,2025-07-04T01:30:00.000-05:00,5.74
"Pr Dog Twn Fk Red Rv nr Wayside, TX",07297910,34.83755505,-101.4140578,2025-07-04T01:45:00.000-05:00,5.73
"Pr Dog Twn Fk Red Rv nr Wayside, TX",07297910,34.83755505,-101.4140578,2025-07-04T02:00:00.000-05:00,5.73
"Pr Dog Twn Fk Red Rv nr Brice, TX",07298500,34.62783574,-100.9406994,2025-07-03T21:45:00.000-05:00,4.95
"Pr Dog Twn Fk Red Rv nr Brice, TX",07298500,34.62783574,-100.9406994,2025-07-03T22:00:00.000-05:00,4.97
"Pr Dog Twn Fk Red Rv nr Brice, TX",07298500,34.62783574,-100.9406994,2025-07-03T22:15:00.000-05:00,4.97
"Pr Dog Twn Fk Red Rv nr Brice, TX",07298500,34.62783574,-100.9406994,2025-07-03T22:30:00.000-05:00,4.96
"Pr Dog Twn Fk Red Rv nr Brice, TX",07298500,34.62783574,-100.9406994,2025-07-03T22:45:00.000-05:00,4.96
"Pr Dog Twn Fk Red Rv nr Brice, TX",07298500,34.62783574,-100.9406994,2025-07-03T23:00:00.000-05:00,4.96
"Pr Dog Twn Fk Red Rv nr Brice, TX",07298500,34.62783574,-100.9406994,2025-07-03T23:15:00.000-05:00,4.96
"Pr Dog Twn Fk Red Rv nr Brice, TX",07298500,34.62783574,-100.9406994,2025-07-03T23:30:00.000-05:00,4.96
"Pr Dog Twn Fk Red Rv nr Brice, TX",07298500,34.62783574,-100.9406994,2025-07-03T23:45:00.000-05:00,4.96
"Pr Dog Twn Fk Red Rv nr Brice, TX",07298500,34.62783574,-100.9406994,2025-07-04T00:00:00.000-05:00,4.95
"Pr Dog Twn Fk Red Rv nr Brice, TX",07298500,34.62783574,-100.9406994,2025-07-04T00:15:00.000-05:00,4.96
"Pr Dog Twn Fk Red Rv nr Brice, TX",07298500,34.62783574,-100.9406994,2025-07-04T00:30:00.000-05:00,4.96
"Pr Dog Twn Fk Red Rv nr Brice, TX",07298500,34.62783574,-100.9406994,2025-07-04T00:45:00.000-05:00,4.96
"Pr Dog Twn Fk Red Rv nr Brice, TX",07298500,34.62783574,-100.9406994,2025-07-04T01:00:00.000-05:00,4.96
"Pr Dog Twn Fk Red Rv nr Brice, TX",07298500,34.62783574,-100.9406994,2025-07-04T01:15:00.000-05:00,4.96
"Pr Dog Twn Fk Red Rv nr Brice, TX",07298500,34.62783574,-100.9406994,2025-07-04T01:30:00.000-05:00,4.96
"Pr Dog Twn Fk Red Rv nr Brice, TX",07298500,34.62783574,-100.9406994,2025-07-04T01:45:00.000-05:00,4.96
"Pr Dog Twn Fk Red Rv nr Brice, TX",07298500,34.62783574,-100.9406994,2025-07-04T02:00:00.000-05:00,4.95
"Groesbeck Ck at SH 6 nr Quanah, TX",07299670,34.35451979,-99.7403719,2025-07-03T20:00:00.000-05:00,6.62
"Groesbeck Ck at SH 6 nr Quanah, TX",07299670,34.35451979,-99.7403719,2025-07-03T20:15:00.000-05:00,6.63
"Groesbeck Ck at SH 6 nr Quanah, TX",07299670,34.35451979,-99.7403719,2025-07-03T20:30:00.000-05:00,6.63
"Groesbeck Ck at SH 6 nr Quanah, TX",07299670,34.35451979,-99.7403719,2025-07-03T20:45:00.000-05:00,6.63
"Groesbeck Ck at SH 6 nr Quanah, TX",07299670,34.35451979,-99.7403719,2025-07-03T21:00:00.000-05:00,6.63
"Groesbeck Ck at SH 6 nr Quanah, TX",07299670,34.35451979,-99.7403719,2025-07-03T21:15:00.000-05:00,6.63
"Groesbeck Ck at SH 6 nr Quanah, TX",07299670,34.35451979,-99.7403719,2025-07-03T21:30:00.000-05:00,6.63
"Groesbeck Ck at SH 6 nr Quanah, TX",07299670,34.35451979,-99.7403719,2025-07-03T21:45:00.000-05:00,6.63
"Groesbeck Ck at SH 6 nr Quanah, TX",07299670,34.35451979,-99.7403719,2025-07-03T22:00:00.000-05:00,6.63
"Groesbeck Ck at SH 6 nr Quanah, TX",07299670,34.35451979,-99.7403719,2025-07-03T22:15:00.000-05:00,6.63
"Groesbeck Ck at SH 6 nr Quanah, TX",07299670,34.35451979,-99.7403719,2025-07-03T22:30:00.000-05:00,6.63
"Groesbeck Ck at SH 6 nr Quanah, TX",07299670,34.35451979,-99.7403719,2025-07-03T22:45:00.000-05:00,6.63
"Groesbeck Ck at SH 6 nr Quanah, TX",07299670,34.35451979,-99.7403719,2025-07-03T23:00:00.000-05:00,6.63
"Groesbeck Ck at SH 6 nr Quanah, TX",07299670,34.35451979,-99.7403719,2025-07-03T23:15:00.000-05:00,6.62
"Groesbeck Ck at SH 6 nr Quanah, TX",07299670,34.35451979,-99.7403719,2025-07-03T23:30:00.000-05:00,6.62
"Groesbeck Ck at SH 6 nr Quanah, TX",07299670,34.35451979,-99.7403719,2025-07-03T23:45:00.000-05:00,6.62
"Groesbeck Ck at SH 6 nr Quanah, TX",07299670,34.35451979,-99.7403719,2025-07-04T00:00:00.000-05:00,6.62
"Groesbeck Ck at SH 6 nr Quanah, TX",07299670,34.35451979,-99.7403719,2025-07-04T00:15:00.000-05:00,6.62
"Groesbeck Ck at SH 6 nr Quanah, TX",07299670,34.35451979,-99.7403719,2025-07-04T00:30:00.000-05:00,6.62
"Groesbeck Ck at SH 6 nr Quanah, TX",07299670,34.35451979,-99.7403719,2025-07-04T00:45:00.000-05:00,6.62
"Groesbeck Ck at SH 6 nr Quanah, TX",07299670,34.35451979,-99.7403719,2025-07-04T01:00:00.000-05:00,6.62
"Groesbeck Ck at SH 6 nr Quanah, TX",07299670,34.35451979,-99.7403719,2025-07-04T01:15:00.000-05:00,6.62
"Groesbeck Ck at SH 6 nr Quanah, TX",07299670,34.35451979,-99.7403719,2025-07-04T01:30:00.000-05:00,6.62
"Groesbeck Ck at SH 6 nr Quanah, TX",07299670,34.35451979,-99.7403719,2025-07-04T01:45:00.000-05:00,6.62
"Groesbeck Ck at SH 6 nr Quanah, TX",07299670,34.35451979,-99.7403719,2025-07-04T02:00:00.000-05:00,6.62
"Lelia Lk Ck bl Bell Ck nr Hedley, TX",07299890,34.93560669,-100.6965246,2025-07-03T20:00:00.000-05:00,3.28
"Lelia Lk Ck bl Bell Ck nr Hedley, TX",07299890,34.93560669,-100.6965246,2025-07-03T20:15:00.000-05:00,3.27
"Lelia Lk Ck bl Bell Ck nr Hedley, TX",07299890,34.93560669,-100.6965246,2025-07-03T20:30:00.000-05:00,3.27
"Lelia Lk Ck bl Bell Ck nr Hedley, TX",07299890,34.93560669,-100.6965246,2025-07-03T20:45:00.000-05:00,3.27
"Lelia Lk Ck bl Bell Ck nr Hedley, TX",07299890,34.93560669,-100.6965246,2025-07-03T21:00:00.000-05:00,3.27
"Lelia Lk Ck bl Bell Ck nr Hedley, TX",07299890,34.93560669,-100.6965246,2025-07-03T21:15:00.000-05:00,3.27
"Lelia Lk Ck bl Bell Ck nr Hedley, TX",07299890,34.93560669,-100.6965246,2025-07-03T21:30:00.000-05:00,3.27
"Lelia Lk Ck bl Bell Ck nr Hedley, TX",07299890,34.93560669,-100.6965246,2025-07-03T21:45:00.000-05:00,3.27
"Lelia Lk Ck bl Bell Ck nr Hedley, TX",07299890,34.93560669,-100.6965246,2025-07-03T22:00:00.000-05:00,3.27
"Lelia Lk Ck bl Bell Ck nr Hedley, TX",07299890,34.93560669,-100.6965246,2025-07-03T22:15:00.000-05:00,3.26
"Lelia Lk Ck bl Bell Ck nr Hedley, TX",07299890,34.93560669,-100.6965246,2025-07-03T22:30:00.000-05:00,3.27
"Lelia Lk Ck bl Bell Ck nr Hedley, TX",07299890,34.93560669,-100.6965246,2025-07-03T22:45:00.000-05:00,3.27
"Lelia Lk Ck bl Bell Ck nr Hedley, TX",07299890,34.93560669,-100.6965246,2025-07-03T23:00:00.000-05:00,3.27
"Lelia Lk Ck bl Bell Ck nr Hedley, TX",07299890,34.93560669,-100.6965246,2025-07-03T23:15:00.000-05:00,3.27
"Lelia Lk Ck bl Bell Ck nr Hedley, TX",07299890,34.93560669,-100.6965246,2025-07-03T23:30:00.000-05:00,3.27
"Lelia Lk Ck bl Bell Ck nr Hedley, TX",07299890,34.93560669,-100.6965246,2025-07-03T23:45:00.000-05:00,3.27
"Lelia Lk Ck bl Bell Ck nr Hedley, TX",07299890,34.93560669,-100.6965246,2025-07-04T00:00:00.000-05:00,3.26
"Lelia Lk Ck bl Bell Ck nr Hedley, TX",07299890,34.93560669,-100.6965246,2025-07-04T00:15:00.000-05:00,3.27
"Lelia Lk Ck bl Bell Ck nr Hedley, TX",07299890,34.93560669,-100.6965246,2025-07-04T00:30:00.000-05:00,3.27
"Lelia Lk Ck bl Bell Ck nr Hedley, TX",07299890,34.93560669,-100.6965246,2025-07-04T00:45:00.000-05:00,3.27
"Lelia Lk Ck bl Bell Ck nr Hedley, TX",07299890,34.93560669,-100.6965246,2025-07-04T01:00:00.000-05:00,3.26
"Lelia Lk Ck bl Bell Ck nr Hedley, TX",07299890,34.93560669,-100.6965246,2025-07-04T01:15:00.000-05:00,3.27
"Lelia Lk Ck bl Bell Ck nr Hedley, TX",07299890,34.93560669,-100.6965246,2025-07-04T01:30:00.000-05:00,3.27
"Lelia Lk Ck bl Bell Ck nr Hedley, TX",07299890,34.93560669,-100.6965246,2025-07-04T01:45:00.000-05:00,3.27
"Lelia Lk Ck bl Bell Ck nr Hedley, TX",07299890,34.93560669,-100.6965246,2025-07-04T02:00:00.000-05:00,3.27
"Salt Fork Red River near Wellington, TX",07300000,34.95755294,-100.220949,2025-07-03T20:00:00.000-05:00,2.54
"Salt Fork Red River near Wellington, TX",07300000,34.95755294,-100.220949,2025-07-03T20:15:00.000-05:00,2.54
"Salt Fork Red River near Wellington, TX",07300000,34.95755294,-100.220949,2025-07-03T20:30:00.000-05:00,2.54
"Salt Fork Red River near Wellington, TX",07300000,34.95755294,-100.220949,2025-07-03T20:45:00.000-05:00,2.54
"Salt Fork Red River near Wellington, TX",07300000,34.95755294,-100.220949,2025-07-03T21:00:00.000-05:00,2.54
"Salt Fork Red River near Wellington, TX",07300000,34.95755294,-100.220949,2025-07-03T21:15:00.000-05:00,2.54
"Salt Fork Red River near Wellington, TX",07300000,34.95755294,-100.220949,2025-07-03T21:30:00.000-05:00,2.54
"Salt Fork Red River near Wellington, TX",07300000,34.95755294,-100.220949,2025-07-03T21:45:00.000-05:00,2.53
"Salt Fork Red River near Wellington, TX",07300000,34.95755294,-100.220949,2025-07-03T22:00:00.000-05:00,2.54
"Salt Fork Red River near Wellington, TX",07300000,34.95755294,-100.220949,2025-07-03T22:15:00.000-05:00,2.54
"Salt Fork Red River near Wellington, TX",07300000,34.95755294,-100.220949,2025-07-03T22:30:00.000-05:00,2.54
"Salt Fork Red River near Wellington, TX",07300000,34.95755294,-100.220949,2025-07-03T22:45:00.000-05:00,2.54
"Salt Fork Red River near Wellington, TX",07300000,34.95755294,-100.220949,2025-07-03T23:00:00.000-05:00,2.54
"Salt Fork Red River near Wellington, TX",07300000,34.95755294,-100.220949,2025-07-03T23:15:00.000-05:00,2.54
"Salt Fork Red River near Wellington, TX",07300000,34.95755294,-100.220949,2025-07-03T23:30:00.000-05:00,2.54
"Salt Fork Red River near Wellington, TX",07300000,34.95755294,-100.220949,2025-07-03T23:45:00.000-05:00,2.54
"Salt Fork Red River near Wellington, TX",07300000,34.95755294,-100.220949,2025-07-04T00:00:00.000-05:00,2.54
"Salt Fork Red River near Wellington, TX",07300000,34.95755294,-100.220949,2025-07-04T00:15:00.000-05:00,2.54
"Salt Fork Red River near Wellington, TX",07300000,34.95755294,-100.220949,2025-07-04T00:30:00.000-05:00,2.54
"Salt Fork Red River near Wellington, TX",07300000,34.95755294,-100.220949,2025-07-04T00:45:00.000-05:00,2.54
"Salt Fork Red River near Wellington, TX",07300000,34.95755294,-100.220949,2025-07-04T01:00:00.000-05:00,2.54
"Salt Fork Red River near Wellington, TX",07300000,34.95755294,-100.220949,2025-07-04T01:15:00.000-05:00,2.54
"Salt Fork Red River near Wellington, TX",07300000,34.95755294,-100.220949,2025-07-04T01:30:00.000-05:00,2.54
"Salt Fork Red River near Wellington, TX",07300000,34.95755294,-100.220949,2025-07-04T01:45:00.000-05:00,2.54
"Salt Fork Red River near Wellington, TX",07300000,34.95755294,-100.220949,2025-07-04T02:00:00.000-05:00,2.54
"N Fk Red Rv nr Shamrock, TX",07301300,35.2642163,-100.2417855,2025-07-03T20:00:00.000-05:00,5.04
"N Fk Red Rv nr Shamrock, TX",07301300,35.2642163,-100.2417855,2025-07-03T20:15:00.000-05:00,5.04
"N Fk Red Rv nr Shamrock, TX",07301300,35.2642163,-100.2417855,2025-07-03T20:30:00.000-05:00,5.05
"N Fk Red Rv nr Shamrock, TX",07301300,35.2642163,-100.2417855,2025-07-03T20:45:00.000-05:00,5.05
"N Fk Red Rv nr Shamrock, TX",07301300,35.2642163,-100.2417855,2025-07-03T21:00:00.000-05:00,5.04
"N Fk Red Rv nr Shamrock, TX",07301300,35.2642163,-100.2417855,2025-07-03T21:15:00.000-05:00,5.04
"N Fk Red Rv nr Shamrock, TX",07301300,35.2642163,-100.2417855,2025-07-03T21:30:00.000-05:00,5.04
"N Fk Red Rv nr Shamrock, TX",07301300,35.2642163,-100.2417855,2025-07-03T21:45:00.000-05:00,5.04
"N Fk Red Rv nr Shamrock, TX",07301300,35.2642163,-100.2417855,2025-07-03T22:00:00.000-05:00,5.04
"N Fk Red Rv nr Shamrock, TX",07301300,35.2642163,-100.2417855,2025-07-03T22:15:00.000-05:00,5.04
"N Fk Red Rv nr Shamrock, TX",07301300,35.2642163,-100.2417855,2025-07-03T22:30:00.000-05:00,5.04
"N Fk Red Rv nr Shamrock, TX",07301300,35.2642163,-100.2417855,2025-07-03T22:45:00.000-05:00,5.04
"N Fk Red Rv nr Shamrock, TX",07301300,35.2642163,-100.2417855,2025-07-03T23:00:00.000-05:00,5.05
"N Fk Red Rv nr Shamrock, TX",07301300,35.2642163,-100.2417855,2025-07-03T23:15:00.000-05:00,5.05
"N Fk Red Rv nr Shamrock, TX",07301300,35.2642163,-100.2417855,2025-07-03T23:30:00.000-05:00,5.05
"N Fk Red Rv nr Shamrock, TX",07301300,35.2642163,-100.2417855,2025-07-03T23:45:00.000-05:00,5.05
"N Fk Red Rv nr Shamrock, TX",07301300,35.2642163,-100.2417855,2025-07-04T00:00:00.000-05:00,5.05
"N Fk Red Rv nr Shamrock, TX",07301300,35.2642163,-100.2417855,2025-07-04T00:15:00.000-05:00,5.05
"N Fk Red Rv nr Shamrock, TX",07301300,35.2642163,-100.2417855,2025-07-04T00:30:00.000-05:00,5.05
"N Fk Red Rv nr Shamrock, TX",07301300,35.2642163,-100.2417855,2025-07-04T00:45:00.000-05:00,5.05
"N Fk Red Rv nr Shamrock, TX",07301300,35.2642163,-100.2417855,2025-07-04T01:00:00.000-05:00,5.05
"N Fk Red Rv nr Shamrock, TX",07301300,35.2642163,-100.2417855,2025-07-04T01:15:00.000-05:00,5.05
"N Fk Red Rv nr Shamrock, TX",07301300,35.2642163,-100.2417855,2025-07-04T01:30:00.000-05:00,5.05
"N Fk Red Rv nr Shamrock, TX",07301300,35.2642163,-100.2417855,2025-07-04T01:45:00.000-05:00,5.05
"N Fk Red Rv nr Shamrock, TX",07301300,35.2642163,-100.2417855,2025-07-04T02:00:00.000-05:00,5.05
"Sweetwater Ck nr Kelton, TX",07301410,35.47310419,-100.1209501,2025-07-03T20:00:00.000-05:00,7.04
"Sweetwater Ck nr Kelton, TX",07301410,35.47310419,-100.1209501,2025-07-03T20:15:00.000-05:00,7.02
"Sweetwater Ck nr Kelton, TX",07301410,35.47310419,-100.1209501,2025-07-03T20:30:00.000-05:00,7.02
"Sweetwater Ck nr Kelton, TX",07301410,35.47310419,-100.1209501,2025-07-03T20:45:00.000-05:00,7.02
"Sweetwater Ck nr Kelton, TX",07301410,35.47310419,-100.1209501,2025-07-03T21:00:00.000-05:00,7.04
"Sweetwater Ck nr Kelton, TX",07301410,35.47310419,-100.1209501,2025-07-03T21:15:00.000-05:00,7.03
"Sweetwater Ck nr Kelton, TX",07301410,35.47310419,-100.1209501,2025-07-03T21:30:00.000-05:00,7.05
"Sweetwater Ck nr Kelton, TX",07301410,35.47310419,-100.1209501,2025-07-03T21:45:00.000-05:00,7.02
"Sweetwater Ck nr Kelton, TX",07301410,35.47310419,-100.1209501,2025-07-03T22:00:00.000-05:00,7.04
"Sweetwater Ck nr Kelton, TX",07301410,35.47310419,-100.1209501,2025-07-03T22:15:00.000-05:00,7.03
"Sweetwater Ck nr Kelton, TX",07301410,35.47310419,-100.1209501,2025-07-03T22:30:00.000-05:00,7.05
"Sweetwater Ck nr Kelton, TX",07301410,35.47310419,-100.1209501,2025-07-03T22:45:00.000-05:00,7.04
"Sweetwater Ck nr Kelton, TX",07301410,35.47310419,-100.1209501,2025-07-03T23:00:00.000-05:00,7.05
"Sweetwater Ck nr Kelton, TX",07301410,35.47310419,-100.1209501,2025-07-03T23:15:00.000-05:00,7.05
"Sweetwater Ck nr Kelton, TX",07301410,35.47310419,-100.1209501,2025-07-03T23:30:00.000-05:00,7.04
"Sweetwater Ck nr Kelton, TX",07301410,35.47310419,-100.1209501,2025-07-03T23:45:00.000-05:00,7.02
"Sweetwater Ck nr Kelton, TX",07301410,35.47310419,-100.1209501,2025-07-04T00:00:00.000-05:00,7.02
"Sweetwater Ck nr Kelton, TX",07301410,35.47310419,-100.1209501,2025-07-04T00:15:00.000-05:00,7.04
"Sweetwater Ck nr Kelton, TX",07301410,35.47310419,-100.1209501,2025-07-04T00:30:00.000-05:00,7.05
"Sweetwater Ck nr Kelton, TX",07301410,35.47310419,-100.1209501,2025-07-04T00:45:00.000-05:00,7.03
"Sweetwater Ck nr Kelton, TX",07301410,35.47310419,-100.1209501,2025-07-04T01:00:00.000-05:00,7.03
"Sweetwater Ck nr Kelton, TX",07301410,35.47310419,-100.1209501,2025-07-04T01:15:00.000-05:00,7.02
"Sweetwater Ck nr Kelton, TX",07301410,35.47310419,-100.1209501,2025-07-04T01:30:00.000-05:00,7.04
"Sweetwater Ck nr Kelton, TX",07301410,35.47310419,-100.1209501,2025-07-04T01:45:00.000-05:00,7.04
"Sweetwater Ck nr Kelton, TX",07301410,35.47310419,-100.1209501,2025-07-04T02:00:00.000-05:00,7.03
"Pease Rv nr Vernon, TX",07308200,34.1795833,-99.3233333,2025-07-03T20:00:00.000-05:00,4.87
"Pease Rv nr Vernon, TX",07308200,34.1795833,-99.3233333,2025-07-03T20:15:00.000-05:00,4.91
"Pease Rv nr Vernon, TX",07308200,34.1795833,-99.3233333,2025-07-03T20:30:00.000-05:00,4.9
"Pease Rv nr Vernon, TX",07308200,34.1795833,-99.3233333,2025-07-03T20:45:00.000-05:00,4.91
"Pease Rv nr Vernon, TX",07308200,34.1795833,-99.3233333,2025-07-03T21:00:00.000-05:00,4.9
"Pease Rv nr Vernon, TX",07308200,34.1795833,-99.3233333,2025-07-03T21:15:00.000-05:00,4.91
"Pease Rv nr Vernon, TX",07308200,34.1795833,-99.3233333,2025-07-03T21:30:00.000-05:00,4.9
"Pease Rv nr Vernon, TX",07308200,34.1795833,-99.3233333,2025-07-03T21:45:00.000-05:00,4.9
"Pease Rv nr Vernon, TX",07308200,34.1795833,-99.3233333,2025-07-03T22:00:00.000-05:00,4.9
"Pease Rv nr Vernon, TX",07308200,34.1795833,-99.3233333,2025-07-03T22:15:00.000-05:00,4.9
"Pease Rv nr Vernon, TX",07308200,34.1795833,-99.3233333,2025-07-03T22:30:00.000-05:00,4.9
"Pease Rv nr Vernon, TX",07308200,34.1795833,-99.3233333,2025-07-03T22:45:00.000-05:00,4.9
"Pease Rv nr Vernon, TX",07308200,34.1795833,-99.3233333,2025-07-03T23:00:00.000-05:00,4.9
"Pease Rv nr Vernon, TX",07308200,34.1795833,-99.3233333,2025-07-03T23:15:00.000-05:00,4.89
"Pease Rv nr Vernon, TX",07308200,34.1795833,-99.3233333,2025-07-03T23:30:00.000-05:00,4.9
"Pease Rv nr Vernon, TX",07308200,34.1795833,-99.3233333,2025-07-03T23:45:00.000-05:00,4.89
"Pease Rv nr Vernon, TX",07308200,34.1795833,-99.3233333,2025-07-04T00:00:00.000-05:00,4.89
"Pease Rv nr Vernon, TX",07308200,34.1795833,-99.3233333,2025-07-04T00:15:00.000-05:00,4.89
"Pease Rv nr Vernon, TX",07308200,34.1795833,-99.3233333,2025-07-04T00:30:00.000-05:00,4.89
"Pease Rv nr Vernon, TX",07308200,34.1795833,-99.3233333,2025-07-04T00:45:00.000-05:00,4.89
"Pease Rv nr Vernon, TX",07308200,34.1795833,-99.3233333,2025-07-04T01:00:00.000-05:00,4.89
"Pease Rv nr Vernon, TX",07308200,34.1795833,-99.3233333,2025-07-04T01:15:00.000-05:00,4.89
"Pease Rv nr Vernon, TX",07308200,34.1795833,-99.3233333,2025-07-04T01:30:00.000-05:00,4.89
"Pease Rv nr Vernon, TX",07308200,34.1795833,-99.3233333,2025-07-04T01:45:00.000-05:00,4.89
"Pease Rv nr Vernon, TX",07308200,34.1795833,-99.3233333,2025-07-04T02:00:00.000-05:00,4.89
"Red Rv nr Burkburnett, TX",07308500,34.11009327,-98.5317234,2025-07-03T20:45:00.000-05:00,3.46
"Red Rv nr Burkburnett, TX",07308500,34.11009327,-98.5317234,2025-07-03T21:00:00.000-05:00,3.44
"Red Rv nr Burkburnett, TX",07308500,34.11009327,-98.5317234,2025-07-03T21:15:00.000-05:00,3.44
"Red Rv nr Burkburnett, TX",07308500,34.11009327,-98.5317234,2025-07-03T22:00:00.000-05:00,3.45
"Red Rv nr Burkburnett, TX",07308500,34.11009327,-98.5317234,2025-07-03T22:15:00.000-05:00,3.44
"Red Rv nr Burkburnett, TX",07308500,34.11009327,-98.5317234,2025-07-03T22:30:00.000-05:00,3.42
"Red Rv nr Burkburnett, TX",07308500,34.11009327,-98.5317234,2025-07-03T22:45:00.000-05:00,3.44
"Red Rv nr Burkburnett, TX",07308500,34.11009327,-98.5317234,2025-07-03T23:00:00.000-05:00,3.42
"Red Rv nr Burkburnett, TX",07308500,34.11009327,-98.5317234,2025-07-03T23:15:00.000-05:00,3.42
"Red Rv nr Burkburnett, TX",07308500,34.11009327,-98.5317234,2025-07-03T23:45:00.000-05:00,3.44
"Red Rv nr Burkburnett, TX",07308500,34.11009327,-98.5317234,2025-07-04T00:00:00.000-05:00,3.43
"Red Rv nr Burkburnett, TX",07308500,34.11009327,-98.5317234,2025-07-04T00:15:00.000-05:00,3.43
"Red Rv nr Burkburnett, TX",07308500,34.11009327,-98.5317234,2025-07-04T00:30:00.000-05:00,3.42
"Red Rv nr Burkburnett, TX",07308500,34.11009327,-98.5317234,2025-07-04T00:45:00.000-05:00,3.43
"Red Rv nr Burkburnett, TX",07308500,34.11009327,-98.5317234,2025-07-04T01:15:00.000-05:00,3.44
"Red Rv nr Burkburnett, TX",07308500,34.11009327,-98.5317234,2025-07-04T01:30:00.000-05:00,3.42
"Red Rv nr Burkburnett, TX",07308500,34.11009327,-98.5317234,2025-07-04T01:45:00.000-05:00,3.42
"Red Rv nr Burkburnett, TX",07308500,34.11009327,-98.5317234,2025-07-04T02:00:00.000-05:00,3.43
"N Wichita Rv nr Truscott, TX",07311700,33.82064216,-99.7864822,2025-07-03T20:00:00.000-05:00,10.44
"N Wichita Rv nr Truscott, TX",07311700,33.82064216,-99.7864822,2025-07-03T20:15:00.000-05:00,10.44
"N Wichita Rv nr Truscott, TX",07311700,33.82064216,-99.7864822,2025-07-03T20:30:00.000-05:00,10.43
"N Wichita Rv nr Truscott, TX",07311700,33.82064216,-99.7864822,2025-07-03T20:45:00.000-05:00,10.41
"N Wichita Rv nr Truscott, TX",07311700,33.82064216,-99.7864822,2025-07-03T21:00:00.000-05:00,10.36
"N Wichita Rv nr Truscott, TX",07311700,33.82064216,-99.7864822,2025-07-03T21:15:00.000-05:00,10.32
"N Wichita Rv nr Truscott, TX",07311700,33.82064216,-99.7864822,2025-07-03T21:30:00.000-05:00,10.28
"N Wichita Rv nr Truscott, TX",07311700,33.82064216,-99.7864822,2025-07-03T21:45:00.000-05:00,10.22
"N Wichita Rv nr Truscott, TX",07311700,33.82064216,-99.7864822,2025-07-03T22:00:00.000-05:00,10.16
"N Wichita Rv nr Truscott, TX",07311700,33.82064216,-99.7864822,2025-07-03T22:15:00.000-05:00,10.11
"N Wichita Rv nr Truscott, TX",07311700,33.82064216,-99.7864822,2025-07-03T22:30:00.000-05:00,10.05
"N Wichita Rv nr Truscott, TX",07311700,33.82064216,-99.7864822,2025-07-03T22:45:00.000-05:00,9.98
"N Wichita Rv nr Truscott, TX",07311700,33.82064216,-99.7864822,2025-07-03T23:00:00.000-05:00,9.92
"N Wichita Rv nr Truscott, TX",07311700,33.82064216,-99.7864822,2025-07-03T23:15:00.000-05:00,9.87
"N Wichita Rv nr Truscott, TX",07311700,33.82064216,-99.7864822,2025-07-03T23:30:00.000-05:00,9.83
"N Wichita Rv nr Truscott, TX",07311700,33.82064216,-99.7864822,2025-07-03T23:45:00.000-05:00,9.8
"N Wichita Rv nr Truscott, TX",07311700,33.82064216,-99.7864822,2025-07-04T00:00:00.000-05:00,9.77
"N Wichita Rv nr Truscott, TX",07311700,33.82064216,-99.7864822,2025-07-04T00:15:00.000-05:00,9.74
"N Wichita Rv nr Truscott, TX",07311700,33.82064216,-99.7864822,2025-07-04T00:30:00.000-05:00,9.71
"N Wichita Rv nr Truscott, TX",07311700,33.82064216,-99.7864822,2025-07-04T00:45:00.000-05:00,9.68
"N Wichita Rv nr Truscott, TX",07311700,33.82064216,-99.7864822,2025-07-04T01:00:00.000-05:00,9.64
"N Wichita Rv nr Truscott, TX",07311700,33.82064216,-99.7864822,2025-07-04T01:15:00.000-05:00,9.6
"N Wichita Rv nr Truscott, TX",07311700,33.82064216,-99.7864822,2025-07-04T01:30:00.000-05:00,9.56
"N Wichita Rv nr Truscott, TX",07311700,33.82064216,-99.7864822,2025-07-04T01:45:00.000-05:00,9.53
"N Wichita Rv nr Truscott, TX",07311700,33.82064216,-99.7864822,2025-07-04T02:00:00.000-05:00,9.51
"S Wichita Rv nr Benjamin, TX",07311800,33.644257,-99.8009252,2025-07-03T20:00:00.000-05:00,11.24
"S Wichita Rv nr Benjamin, TX",07311800,33.644257,-99.8009252,2025-07-03T20:15:00.000-05:00,11.28
"S Wichita Rv nr Benjamin, TX",07311800,33.644257,-99.8009252,2025-07-03T20:30:00.000-05:00,11.31
"S Wichita Rv nr Benjamin, TX",07311800,33.644257,-99.8009252,2025-07-03T20:45:00.000-05:00,11.34
"S Wichita Rv nr Benjamin, TX",07311800,33.644257,-99.8009252,2025-07-03T21:00:00.000-05:00,11.38
"S Wichita Rv nr Benjamin, TX",07311800,33.644257,-99.8009252,2025-07-03T21:15:00.000-05:00,11.41
"S Wichita Rv nr Benjamin, TX",07311800,33.644257,-99.8009252,2025-07-03T21:30:00.000-05:00,11.44
"S Wichita Rv nr Benjamin, TX",07311800,33.644257,-99.8009252,2025-07-03T21:45:00.000-05:00,11.46
"S Wichita Rv nr Benjamin, TX",07311800,33.644257,-99.8009252,2025-07-03T22:00:00.000-05:00,11.49
"S Wichita Rv nr Benjamin, TX",07311800,33.644257,-99.8009252,2025-07-03T22:15:00.000-05:00,11.5
"S Wichita Rv nr Benjamin, TX",07311800,33.644257,-99.8009252,2025-07-03T22:30:00.000-05:00,11.51
"S Wichita Rv nr Benjamin, TX",07311800,33.644257,-99.8009252,2025-07-03T22:45:00.000-05:00,11.5
"S Wichita Rv nr Benjamin, TX",07311800,33.644257,-99.8009252,2025-07-03T23:00:00.000-05:00,11.5
"S Wichita Rv nr Benjamin, TX",07311800,33.644257,-99.8009252,2025-07-03T23:15:00.000-05:00,11.48
"S Wichita Rv nr Benjamin, TX",07311800,33.644257,-99.8009252,2025-07-03T23:30:00.000-05:00,11.46
"S Wichita Rv nr Benjamin, TX",07311800,33.644257,-99.8009252,2025-07-03T23:45:00.000-05:00,11.41
"S Wichita Rv nr Benjamin, TX",07311800,33.644257,-99.8009252,2025-07-04T00:00:00.000-05:00,11.37
"S Wichita Rv nr Benjamin, TX",07311800,33.644257,-99.8009252,2025-07-04T00:15:00.000-05:00,11.33
"S Wichita Rv nr Benjamin, TX",07311800,33.644257,-99.8009252,2025-07-04T00:30:00.000-05:00,11.28
"S Wichita Rv nr Benjamin, TX",07311800,33.644257,-99.8009252,2025-07-04T00:45:00.000-05:00,11.23
"S Wichita Rv nr Benjamin, TX",07311800,33.644257,-99.8009252,2025-07-04T01:00:00.000-05:00,11.18
"S Wichita Rv nr Benjamin, TX",07311800,33.644257,-99.8009252,2025-07-04T01:15:00.000-05:00,11.13
"S Wichita Rv nr Benjamin, TX",07311800,33.644257,-99.8009252,2025-07-04T01:30:00.000-05:00,11.07
"S Wichita Rv nr Benjamin, TX",07311800,33.644257,-99.8009252,2025-07-04T01:45:00.000-05:00,11.02
"S Wichita Rv nr Benjamin, TX",07311800,33.644257,-99.8009252,2025-07-04T02:00:00.000-05:00,10.96
"Wichita Rv nr Seymour, TX",07311900,33.70036966,-99.3886905,2025-07-03T20:00:00.000-05:00,8.39
"Wichita Rv nr Seymour, TX",07311900,33.70036966,-99.3886905,2025-07-03T20:15:00.000-05:00,8.39
"Wichita Rv nr Seymour, TX",07311900,33.70036966,-99.3886905,2025-07-03T20:30:00.000-05:00,8.42
"Wichita Rv nr Seymour, TX",07311900,33.70036966,-99.3886905,2025-07-03T20:45:00.000-05:00,8.38
"Wichita Rv nr Seymour, TX",07311900,33.70036966,-99.3886905,2025-07-03T21:00:00.000-05:00,8.39
"Wichita Rv nr Seymour, TX",07311900,33.70036966,-99.3886905,2025-07-03T21:15:00.000-05:00,8.39
"Wichita Rv nr Seymour, TX",07311900,33.70036966,-99.3886905,2025-07-03T21:30:00.000-05:00,8.39
"Wichita Rv nr Seymour, TX",07311900,33.70036966,-99.3886905,2025-07-03T21:45:00.000-05:00,8.36
"Wichita Rv nr Seymour, TX",07311900,33.70036966,-99.3886905,2025-07-03T22:00:00.000-05:00,8.37
"Wichita Rv nr Seymour, TX",07311900,33.70036966,-99.3886905,2025-07-03T22:15:00.000-05:00,8.34
"Wichita Rv nr Seymour, TX",07311900,33.70036966,-99.3886905,2025-07-03T22:30:00.000-05:00,8.32
"Wichita Rv nr Seymour, TX",07311900,33.70036966,-99.3886905,2025-07-03T22:45:00.000-05:00,8.36
"Wichita Rv nr Seymour, TX",07311900,33.70036966,-99.3886905,2025-07-03T23:00:00.000-05:00,8.31
"Wichita Rv nr Seymour, TX",07311900,33.70036966,-99.3886905,2025-07-03T23:15:00.000-05:00,8.31
"Wichita Rv nr Seymour, TX",07311900,33.70036966,-99.3886905,2025-07-03T23:30:00.000-05:00,8.3
"Wichita Rv nr Seymour, TX",07311900,33.70036966,-99.3886905,2025-07-03T23:45:00.000-05:00,8.31
"Wichita Rv nr Seymour, TX",07311900,33.70036966,-99.3886905,2025-07-04T00:00:00.000-05:00,8.28
"Wichita Rv nr Seymour, TX",07311900,33.70036966,-99.3886905,2025-07-04T00:15:00.000-05:00,8.32
"Wichita Rv nr Seymour, TX",07311900,33.70036966,-99.3886905,2025-07-04T00:30:00.000-05:00,8.3
"Wichita Rv nr Seymour, TX",07311900,33.70036966,-99.3886905,2025-07-04T00:45:00.000-05:00,8.34
"Wichita Rv nr Seymour, TX",07311900,33.70036966,-99.3886905,2025-07-04T01:00:00.000-05:00,8.38
"Wichita Rv nr Seymour, TX",07311900,33.70036966,-99.3886905,2025-07-04T01:15:00.000-05:00,8.38
"Wichita Rv nr Seymour, TX",07311900,33.70036966,-99.3886905,2025-07-04T01:30:00.000-05:00,8.42
"Wichita Rv nr Seymour, TX",07311900,33.70036966,-99.3886905,2025-07-04T01:45:00.000-05:00,8.47
"Wichita Rv nr Seymour, TX",07311900,33.70036966,-99.3886905,2025-07-04T02:00:00.000-05:00,8.53
"Wichita Rv nr Mabelle, TX",07312100,33.7600934,-99.1428495,2025-07-03T20:00:00.000-05:00,1.25
"Wichita Rv nr Mabelle, TX",07312100,33.7600934,-99.1428495,2025-07-03T20:15:00.000-05:00,1.25
"Wichita Rv nr Mabelle, TX",07312100,33.7600934,-99.1428495,2025-07-03T20:30:00.000-05:00,1.26
"Wichita Rv nr Mabelle, TX",07312100,33.7600934,-99.1428495,2025-07-03T20:45:00.000-05:00,1.25
"Wichita Rv nr Mabelle, TX",07312100,33.7600934,-99.1428495,2025-07-03T21:00:00.000-05:00,1.25
"Wichita Rv nr Mabelle, TX",07312100,33.7600934,-99.1428495,2025-07-03T21:15:00.000-05:00,1.25
"Wichita Rv nr Mabelle, TX",07312100,33.7600934,-99.1428495,2025-07-03T21:30:00.000-05:00,1.25
"Wichita Rv nr Mabelle, TX",07312100,33.7600934,-99.1428495,2025-07-03T22:00:00.000-05:00,1.26
"Wichita Rv nr Mabelle, TX",07312100,33.7600934,-99.1428495,2025-07-03T22:15:00.000-05:00,1.25
"Wichita Rv nr Mabelle, TX",07312100,33.7600934,-99.1428495,2025-07-03T22:30:00.000-05:00,1.25
"Wichita Rv nr Mabelle, TX",07312100,33.7600934,-99.1428495,2025-07-03T22:45:00.000-05:00,1.25
"Wichita Rv nr Mabelle, TX",07312100,33.7600934,-99.1428495,2025-07-03T23:00:00.000-05:00,1.26
"Wichita Rv nr Mabelle, TX",07312100,33.7600934,-99.1428495,2025-07-03T23:15:00.000-05:00,1.26
"Wichita Rv nr Mabelle, TX",07312100,33.7600934,-99.1428495,2025-07-03T23:30:00.000-05:00,1.26
"Wichita Rv nr Mabelle, TX",07312100,33.7600934,-99.1428495,2025-07-03T23:45:00.000-05:00,1.24
"Wichita Rv nr Mabelle, TX",07312100,33.7600934,-99.1428495,2025-07-04T00:00:00.000-05:00,1.26
"Wichita Rv nr Mabelle, TX",07312100,33.7600934,-99.1428495,2025-07-04T00:15:00.000-05:00,1.26
"Wichita Rv nr Mabelle, TX",07312100,33.7600934,-99.1428495,2025-07-04T00:30:00.000-05:00,1.26
"Wichita Rv nr Mabelle, TX",07312100,33.7600934,-99.1428495,2025-07-04T00:45:00.000-05:00,1.26
"Wichita Rv nr Mabelle, TX",07312100,33.7600934,-99.1428495,2025-07-04T01:00:00.000-05:00,1.26
"Wichita Rv nr Mabelle, TX",07312100,33.7600934,-99.1428495,2025-07-04T01:15:00.000-05:00,1.25
"Wichita Rv nr Mabelle, TX",07312100,33.7600934,-99.1428495,2025-07-04T01:30:00.000-05:00,1.26
"Wichita Rv nr Mabelle, TX",07312100,33.7600934,-99.1428495,2025-07-04T01:45:00.000-05:00,1.25
"Wichita Rv nr Mabelle, TX",07312100,33.7600934,-99.1428495,2025-07-04T02:00:00.000-05:00,1.25
"S Side Canal nr Dundee, TX",07312110,33.81398475,-98.932844,2025-07-03T20:30:00.000-05:00,5.51
"S Side Canal nr Dundee, TX",07312110,33.81398475,-98.932844,2025-07-03T20:45:00.000-05:00,5.53
"S Side Canal nr Dundee, TX",07312110,33.81398475,-98.932844,2025-07-03T21:00:00.000-05:00,5.51
"S Side Canal nr Dundee, TX",07312110,33.81398475,-98.932844,2025-07-03T21:45:00.000-05:00,5.46
"S Side Canal nr Dundee, TX",07312110,33.81398475,-98.932844,2025-07-03T22:00:00.000-05:00,5.5
"S Side Canal nr Dundee, TX",07312110,33.81398475,-98.932844,2025-07-03T22:15:00.000-05:00,5.52
"S Side Canal nr Dundee, TX",07312110,33.81398475,-98.932844,2025-07-03T23:00:00.000-05:00,5.46
"S Side Canal nr Dundee, TX",07312110,33.81398475,-98.932844,2025-07-03T23:15:00.000-05:00,5.53
"S Side Canal nr Dundee, TX",07312110,33.81398475,-98.932844,2025-07-03T23:30:00.000-05:00,5.48
"S Side Canal nr Dundee, TX",07312110,33.81398475,-98.932844,2025-07-03T23:45:00.000-05:00,5.52
"S Side Canal nr Dundee, TX",07312110,33.81398475,-98.932844,2025-07-04T00:15:00.000-05:00,5.52
"S Side Canal nr Dundee, TX",07312110,33.81398475,-98.932844,2025-07-04T00:45:00.000-05:00,5.5
"S Side Canal nr Dundee, TX",07312110,33.81398475,-98.932844,2025-07-04T01:00:00.000-05:00,5.47
"S Side Canal nr Dundee, TX",07312110,33.81398475,-98.932844,2025-07-04T01:15:00.000-05:00,5.48
"S Side Canal nr Dundee, TX",07312110,33.81398475,-98.932844,2025-07-04T01:30:00.000-05:00,5.5
"S Side Canal nr Dundee, TX",07312110,33.81398475,-98.932844,2025-07-04T01:45:00.000-05:00,5.47
"Beaver Ck nr Electra, TX",07312200,33.90592785,-98.9050666,2025-07-03T20:30:00.000-05:00,9.6
"Beaver Ck nr Electra, TX",07312200,33.90592785,-98.9050666,2025-07-03T20:45:00.000-05:00,9.61
"Beaver Ck nr Electra, TX",07312200,33.90592785,-98.9050666,2025-07-03T21:00:00.000-05:00,9.6
"Beaver Ck nr Electra, TX",07312200,33.90592785,-98.9050666,2025-07-03T21:15:00.000-05:00,9.61
"Beaver Ck nr Electra, TX",07312200,33.90592785,-98.9050666,2025-07-03T21:30:00.000-05:00,9.6
"Beaver Ck nr Electra, TX",07312200,33.90592785,-98.9050666,2025-07-03T21:45:00.000-05:00,9.6
"Beaver Ck nr Electra, TX",07312200,33.90592785,-98.9050666,2025-07-03T22:00:00.000-05:00,9.6
"Beaver Ck nr Electra, TX",07312200,33.90592785,-98.9050666,2025-07-03T22:15:00.000-05:00,9.6
"Beaver Ck nr Electra, TX",07312200,33.90592785,-98.9050666,2025-07-03T22:30:00.000-05:00,9.6
"Beaver Ck nr Electra, TX",07312200,33.90592785,-98.9050666,2025-07-03T22:45:00.000-05:00,9.6
"Beaver Ck nr Electra, TX",07312200,33.90592785,-98.9050666,2025-07-03T23:00:00.000-05:00,9.6
"Beaver Ck nr Electra, TX",07312200,33.90592785,-98.9050666,2025-07-03T23:15:00.000-05:00,9.61
"Beaver Ck nr Electra, TX",07312200,33.90592785,-98.9050666,2025-07-03T23:30:00.000-05:00,9.61
"Beaver Ck nr Electra, TX",07312200,33.90592785,-98.9050666,2025-07-03T23:45:00.000-05:00,9.61
"Beaver Ck nr Electra, TX",07312200,33.90592785,-98.9050666,2025-07-04T00:00:00.000-05:00,9.61
"Beaver Ck nr Electra, TX",07312200,33.90592785,-98.9050666,2025-07-04T00:15:00.000-05:00,9.61
"Beaver Ck nr Electra, TX",07312200,33.90592785,-98.9050666,2025-07-04T00:30:00.000-05:00,9.61
"Beaver Ck nr Electra, TX",07312200,33.90592785,-98.9050666,2025-07-04T00:45:00.000-05:00,9.61
"Beaver Ck nr Electra, TX",07312200,33.90592785,-98.9050666,2025-07-04T01:00:00.000-05:00,9.61
"Beaver Ck nr Electra, TX",07312200,33.90592785,-98.9050666,2025-07-04T01:15:00.000-05:00,9.61
"Beaver Ck nr Electra, TX",07312200,33.90592785,-98.9050666,2025-07-04T01:30:00.000-05:00,9.61
"Beaver Ck nr Electra, TX",07312200,33.90592785,-98.9050666,2025-07-04T01:45:00.000-05:00,9.61
"Beaver Ck nr Electra, TX",07312200,33.90592785,-98.9050666,2025-07-04T02:00:00.000-05:00,9.61
"Wichita Rv at FM 368 nr Iowa Park, TX",07312330,33.89694444,-98.7072222,2025-07-03T20:00:00.000-05:00,8.2
"Wichita Rv at FM 368 nr Iowa Park, TX",07312330,33.89694444,-98.7072222,2025-07-03T20:15:00.000-05:00,8.19
"Wichita Rv at FM 368 nr Iowa Park, TX",07312330,33.89694444,-98.7072222,2025-07-03T20:30:00.000-05:00,8.18
"Wichita Rv at FM 368 nr Iowa Park, TX",07312330,33.89694444,-98.7072222,2025-07-03T20:45:00.000-05:00,8.18
"Wichita Rv at FM 368 nr Iowa Park, TX",07312330,33.89694444,-98.7072222,2025-07-03T21:00:00.000-05:00,8.18
"Wichita Rv at FM 368 nr Iowa Park, TX",07312330,33.89694444,-98.7072222,2025-07-03T21:15:00.000-05:00,8.18
"Wichita Rv at FM 368 nr Iowa Park, TX",07312330,33.89694444,-98.7072222,2025-07-03T21:30:00.000-05:00,8.18
"Wichita Rv at FM 368 nr Iowa Park, TX",07312330,33.89694444,-98.7072222,2025-07-03T21:45:00.000-05:00,8.18
"Wichita Rv at FM 368 nr Iowa Park, TX",07312330,33.89694444,-98.7072222,2025-07-03T22:00:00.000-05:00,8.17
"Wichita Rv at FM 368 nr Iowa Park, TX",07312330,33.89694444,-98.7072222,2025-07-03T22:15:00.000-05:00,8.16
"Wichita Rv at FM 368 nr Iowa Park, TX",07312330,33.89694444,-98.7072222,2025-07-03T22:30:00.000-05:00,8.16
"Wichita Rv at FM 368 nr Iowa Park, TX",07312330,33.89694444,-98.7072222,2025-07-03T22:45:00.000-05:00,8.17
"Wichita Rv at FM 368 nr Iowa Park, TX",07312330,33.89694444,-98.7072222,2025-07-03T23:00:00.000-05:00,8.16
"Wichita Rv at FM 368 nr Iowa Park, TX",07312330,33.89694444,-98.7072222,2025-07-03T23:15:00.000-05:00,8.16
"Wichita Rv at FM 368 nr Iowa Park, TX",07312330,33.89694444,-98.7072222,2025-07-03T23:30:00.000-05:00,8.15
"Wichita Rv at FM 368 nr Iowa Park, TX",07312330,33.89694444,-98.7072222,2025-07-03T23:45:00.000-05:00,8.15
"Wichita Rv at FM 368 nr Iowa Park, TX",07312330,33.89694444,-98.7072222,2025-07-04T00:00:00.000-05:00,8.14
"Wichita Rv at FM 368 nr Iowa Park, TX",07312330,33.89694444,-98.7072222,2025-07-04T00:15:00.000-05:00,8.15
"Wichita Rv at FM 368 nr Iowa Park, TX",07312330,33.89694444,-98.7072222,2025-07-04T00:30:00.000-05:00,8.13
"Wichita Rv at FM 368 nr Iowa Park, TX",07312330,33.89694444,-98.7072222,2025-07-04T00:45:00.000-05:00,8.14
"Wichita Rv at FM 368 nr Iowa Park, TX",07312330,33.89694444,-98.7072222,2025-07-04T01:00:00.000-05:00,8.12
"Wichita Rv at FM 368 nr Iowa Park, TX",07312330,33.89694444,-98.7072222,2025-07-04T01:15:00.000-05:00,8.12
"Wichita Rv at FM 368 nr Iowa Park, TX",07312330,33.89694444,-98.7072222,2025-07-04T01:30:00.000-05:00,8.13
"Wichita Rv at FM 368 nr Iowa Park, TX",07312330,33.89694444,-98.7072222,2025-07-04T01:45:00.000-05:00,8.13
"Wichita Rv at FM 368 nr Iowa Park, TX",07312330,33.89694444,-98.7072222,2025-07-04T02:00:00.000-05:00,8.12
"Wichita Rv at Wichita Falls, TX",07312500,33.90955506,-98.53367399,2025-07-03T20:00:00.000-05:00,3.47
"Wichita Rv at Wichita Falls, TX",07312500,33.90955506,-98.53367399,2025-07-03T20:15:00.000-05:00,3.46
"Wichita Rv at Wichita Falls, TX",07312500,33.90955506,-98.53367399,2025-07-03T20:30:00.000-05:00,3.46
"Wichita Rv at Wichita Falls, TX",07312500,33.90955506,-98.53367399,2025-07-03T20:45:00.000-05:00,3.46
"Wichita Rv at Wichita Falls, TX",07312500,33.90955506,-98.53367399,2025-07-03T21:00:00.000-05:00,3.46
"Wichita Rv at Wichita Falls, TX",07312500,33.90955506,-98.53367399,2025-07-03T21:15:00.000-05:00,3.46
"Wichita Rv at Wichita Falls, TX",07312500,33.90955506,-98.53367399,2025-07-03T21:30:00.000-05:00,3.45
"Wichita Rv at Wichita Falls, TX",07312500,33.90955506,-98.53367399,2025-07-03T21:45:00.000-05:00,3.45
"Wichita Rv at Wichita Falls, TX",07312500,33.90955506,-98.53367399,2025-07-03T22:00:00.000-05:00,3.45
"Wichita Rv at Wichita Falls, TX",07312500,33.90955506,-98.53367399,2025-07-03T22:15:00.000-05:00,3.45
"Wichita Rv at Wichita Falls, TX",07312500,33.90955506,-98.53367399,2025-07-03T22:30:00.000-05:00,3.44
"Wichita Rv at Wichita Falls, TX",07312500,33.90955506,-98.53367399,2025-07-03T22:45:00.000-05:00,3.45
"Wichita Rv at Wichita Falls, TX",07312500,33.90955506,-98.53367399,2025-07-03T23:00:00.000-05:00,3.45
"Wichita Rv at Wichita Falls, TX",07312500,33.90955506,-98.53367399,2025-07-03T23:15:00.000-05:00,3.44
"Wichita Rv at Wichita Falls, TX",07312500,33.90955506,-98.53367399,2025-07-03T23:30:00.000-05:00,3.43
"Wichita Rv at Wichita Falls, TX",07312500,33.90955506,-98.53367399,2025-07-03T23:45:00.000-05:00,3.44
"Wichita Rv at Wichita Falls, TX",07312500,33.90955506,-98.53367399,2025-07-04T00:00:00.000-05:00,3.43
"Wichita Rv at Wichita Falls, TX",07312500,33.90955506,-98.53367399,2025-07-04T00:15:00.000-05:00,3.44
"Wichita Rv at Wichita Falls, TX",07312500,33.90955506,-98.53367399,2025-07-04T00:30:00.000-05:00,3.41
"Wichita Rv at Wichita Falls, TX",07312500,33.90955506,-98.53367399,2025-07-04T00:45:00.000-05:00,3.43
"Wichita Rv at Wichita Falls, TX",07312500,33.90955506,-98.53367399,2025-07-04T01:00:00.000-05:00,3.42
"Wichita Rv at Wichita Falls, TX",07312500,33.90955506,-98.53367399,2025-07-04T01:15:00.000-05:00,3.42
"Wichita Rv at Wichita Falls, TX",07312500,33.90955506,-98.53367399,2025-07-04T01:30:00.000-05:00,3.43
"Wichita Rv at Wichita Falls, TX",07312500,33.90955506,-98.53367399,2025-07-04T01:45:00.000-05:00,3.41
"Wichita Rv at Wichita Falls, TX",07312500,33.90955506,-98.53367399,2025-07-04T02:00:00.000-05:00,3.41
"Holliday Ck at Wichita Falls, TX",07312610,33.88444444,-98.4988889,2025-07-03T20:00:00.000-05:00,1.52
"Holliday Ck at Wichita Falls, TX",07312610,33.88444444,-98.4988889,2025-07-03T20:15:00.000-05:00,1.51
"Holliday Ck at Wichita Falls, TX",07312610,33.88444444,-98.4988889,2025-07-03T20:30:00.000-05:00,1.52
"Holliday Ck at Wichita Falls, TX",07312610,33.88444444,-98.4988889,2025-07-03T20:45:00.000-05:00,1.52
"Holliday Ck at Wichita Falls, TX",07312610,33.88444444,-98.4988889,2025-07-03T21:00:00.000-05:00,1.52
"Holliday Ck at Wichita Falls, TX",07312610,33.88444444,-98.4988889,2025-07-03T21:15:00.000-05:00,1.52
"Holliday Ck at Wichita Falls, TX",07312610,33.88444444,-98.4988889,2025-07-03T21:30:00.000-05:00,1.52
"Holliday Ck at Wichita Falls, TX",07312610,33.88444444,-98.4988889,2025-07-03T21:45:00.000-05:00,1.52
"Holliday Ck at Wichita Falls, TX",07312610,33.88444444,-98.4988889,2025-07-03T22:00:00.000-05:00,1.52